Flat 8 34 Netherhall Gardens Hampstead London Greater London NW3 5TP,-1
Flat 68 Greenhill Prince Arthur Road London Greater London NW3 5TZ,3 bedrooms
Flat 5 34 Netherhall Gardens Hampstead London Greater London NW3 5TP,-1
Flat 102 Greenhill Prince Arthur Road London Greater London NW3 5TY,1 bedroom
70b Maresfield Gardens London Greater London NW3 5TD,2 bedrooms
Flat 4 38 Netherhall Gardens Hampstead London Greater London NW3 5TP,-1
Flat 2 49 Maresfield Gardens London Greater London NW3 5TE,-1
Flat 1 April House 45 Maresfield Gardens London Greater London NW3 5TE,-1
Flat 7 34 Netherhall Gardens Hampstead London Greater London NW3 5TP,-1
Flat 2 34 Netherhall Gardens Hampstead London Greater London NW3 5TP,-1
Flat 119 Greenhill Prince Arthur Road London Greater London NW3 5TY,3 bedrooms
Flat 115 Greenhill Prince Arthur Road London Greater London NW3 5TY,2 bedrooms
Flat 10 49 Maresfield Gardens London Greater London NW3 5TE,-1
Flat 121 Greenhill Prince Arthur Road London Greater London NW3 5TY,2 bedrooms
Flat 3 38 Netherhall Gardens Hampstead London Greater London NW3 5TP,-1
Flat 1a 22 Netherhall Gardens Hampstead London Greater London NW3 5TH,-1
2 Tower Close London Greater London NW3 5TB,4 bedrooms
Flat 109 Greenhill Prince Arthur Road London Greater London NW3 5TY,2 bedrooms
Flat 1 Netherhall Mansions 30 Netherhall Gardens Hampstead London Greater London NW3 5TN,-1
Flat 5 49 Maresfield Gardens London Greater London NW3 5TE,-1
Flat 95 Greenhill Prince Arthur Road London Greater London NW3 5TY,1 bedroom
Flat 6 Netherhall Mansions 30 Netherhall Gardens London Greater London NW3 5TN,-1
Flat 90 Greenhill Prince Arthur Road London Greater London NW3 5TY,1 bedroom
Flat 132 Greenhill Prince Arthur Road London Greater London NW3 5TY,2 bedrooms
Flat 7 Netherhall Mansions 30 Netherhall Gardens London Greater London NW3 5TN,-1
Flat 137 Greenhill Prince Arthur Road London Greater London NW3 5TY,2 bedrooms
Flat 89 Greenhill Prince Arthur Road London Greater London NW3 5TY,1 bedroom
5 Tower Close London Greater London NW3 5TB,5 bedrooms
Flat 63 Greenhill Prince Arthur Road London Greater London NW3 5TZ,-1
Flat 2 38 Netherhall Gardens London Greater London NW3 5TP,-1
Flat 3 36 Netherhall Gardens London Greater London NW3 5TP,-1
Flat 4 47 Maresfield Gardens London Greater London NW3 5TE,-1
Flat 3 34 Netherhall Gardens London Greater London NW3 5TP,-1
Flat 2 22 Netherhall Gardens London Greater London NW3 5TH,-1
Flat 2 66 Maresfield Gardens London Greater London NW3 5TD,-1
Flat 3 Heathwood House 28 Netherhall Gardens London Greater London NW3 5TH,-1
Flat 113 Greenhill Prince Arthur Road London Greater London NW3 5TY,2 bedrooms
Flat 127 Greenhill Prince Arthur Road London Greater London NW3 5TY,-1
Flat 1 20 Netherhall Gardens London Greater London NW3 5TH,-1
Flat 2 April House 45 Maresfield Gardens London Greater London NW3 5TE,-1
Flat 56 Greenhill Prince Arthur Road London Greater London NW3 5TZ,-1
34a Netherhall Gardens London Greater London NW3 5TP,-1
Flat 122 Greenhill Prince Arthur Road London Greater London NW3 5TY,2 bedrooms
45c Maresfield Gardens London Greater London NW3 5TE,-1
Flat 77 Greenhill Prince Arthur Road London Greater London NW3 5TZ,3 bedrooms
Flat 98 Greenhill Prince Arthur Road London Greater London NW3 5TY,1 bedroom
Flat 129 Greenhill Prince Arthur Road London Greater London NW3 5TY,3 bedrooms
Flat 6 47 Maresfield Gardens London Greater London NW3 5TE,-1
Flat 1 49 Maresfield Gardens London Greater London NW3 5TE,-1
117 Greenhill London Greater London NW3 5TY,-1
61 Greenhill London Greater London NW3 5TZ,-1
109 Greenhill London Greater London NW3 5TY,-1
59 Maresfield Gardens London Greater London NW3 5TE,-1
77 Greenhill London Greater London NW3 5TZ,-1
96 Greenhill London Greater London NW3 5TY,-1
Flat 5 Netherhall Mansions 30 Netherhall Gardens London Greater London NW3 5TN,-1
Flat 4 20 Netherhall Gardens London Greater London NW3 5TH,-1
114 Greenhill London Greater London NW3 5TY,-1
Flat 9 Netherhall Mansions 30 Netherhall Gardens London Greater London NW3 5TN,-1
Flat 3 20 Netherhall Gardens London Greater London NW3 5TH,-1
Flat 11 Netherhall Mansions 30 Netherhall Gardens London Greater London NW3 5TN,-1
Flat 1 38 Netherhall Gardens London Greater London NW3 5TP,-1
71 Greenhill London Greater London NW3 5TZ,-1
90 Greenhill London Greater London NW3 5TY,-1
Flat 5 66 Maresfield Gardens London Greater London NW3 5TD,-1
57 Greenhill London Greater London NW3 5TZ,-1
138 Greenhill London Greater London NW3 5TY,-1
80 Greenhill London Greater London NW3 5TZ,-1
Flat 2 Heathwood House 28 Netherhall Gardens London Greater London NW3 5TH,-1
111 Greenhill London Greater London NW3 5TY,-1
Flat 2 Netherhall Mansions 30 Netherhall Gardens London Greater London NW3 5TN,-1
70h Maresfield Gardens London Greater London NW3 5TD,2 bedrooms
24a Netherhall Gardens London Greater London NW3 5TH,-1
87 Greenhill London Greater London NW3 5TZ,-1
124 Greenhill London Greater London NW3 5TY,-1
Flat 70 Greenhill Prince Arthur Road London Greater London NW3 5TZ,2 bedrooms
81 Greenhill London Greater London NW3 5TZ,-1
Flat 107 Greenhill Prince Arthur Road London Greater London NW3 5TY,1 bedroom
Flat 83 Greenhill Prince Arthur Road London Greater London NW3 5TZ,-1
Flat 1 Heathwood House 28 Netherhall Gardens London Greater London NW3 5TH,-1
Flat 5 47 Maresfield Gardens London Greater London NW3 5TE,-1
101 Greenhill London Greater London NW3 5TY,-1
118 Greenhill London Greater London NW3 5TY,-1
53 Maresfield Gardens London Greater London NW3 5TE,-1
136 Greenhill London Greater London NW3 5TY,-1
45d Maresfield Gardens London Greater London NW3 5TE,-1
72 Greenhill London Greater London NW3 5TZ,-1
125 Greenhill London Greater London NW3 5TY,-1
69 Greenhill London Greater London NW3 5TZ,-1
56 Greenhill London Greater London NW3 5TZ,-1
93 Greenhill London Greater London NW3 5TY,-1
102 Greenhill London Greater London NW3 5TY,-1
99 Greenhill London Greater London NW3 5TY,-1
Flat 3 Netherhall Mansions 30 Netherhall Gardens London Greater London NW3 5TN,-1
86 Greenhill London Greater London NW3 5TZ,-1
119 Greenhill London Greater London NW3 5TY,-1
Flat 7 49 Maresfield Gardens London Greater London NW3 5TE,-1
Flat 5 38 Netherhall Gardens London Greater London NW3 5TP,-1
24 Netherhall Gardens London Greater London NW3 5TH,-1
49a Maresfield Gardens London Greater London NW3 5TE,1 bedroom
68 Greenhill London Greater London NW3 5TZ,-1
128 Greenhill London Greater London NW3 5TY,-1
107 Greenhill London Greater London NW3 5TY,-1
Flat 4 36 Netherhall Gardens London Greater London NW3 5TP,-1
134 Greenhill London Greater London NW3 5TY,-1
112 Greenhill London Greater London NW3 5TY,-1
108 Greenhill London Greater London NW3 5TY,-1
Flat 6 66 Maresfield Gardens London Greater London NW3 5TD,-1
130 Greenhill London Greater London NW3 5TY,-1
Flat 8 Netherhall Mansions 30 Netherhall Gardens London Greater London NW3 5TN,-1
